N8ZAx_OvKpM;28;0;Kavinsky - Roadgame (Official Audio)
a30pwYyAGPo;40;0;Rakoon - Healing Dub
jhiXkSKWbnU;45;0;Comptine D'une Autre Été Orchestra Version
MJHK0LwfvJE;27;0;Koh Lanta
N_EK_tFz9ug;35;0;Générique de Tintin
OBe4ea8Jgs4;50;0;Daft Punk - Something About Us
tZFAw2PCClg;32;0;Emancipator - Time For Space
68hZLusuBO4;35;0;Kitten's Lullaby - Roger Limb
GS0J1xT0lV0;40;0;Ratatat - Tropicana
AfHIIui0-n4;34;0;Panda Dub - Into the woods ft. Poussin
58aaIyCF06s;40;0;Mexican Stepper - Dark Knight
lbb316gp78A;40;0;French 79 - Between the Buttons
fKFbnhcNnjE;35;0;MEUTE - You & Me (Flume Remix)
AuFiBjNTB9o;40;0;Opa Tsupa - Les deux Guitares
